Category,Keyword
things,Advertisement
things,Agave
things,Air compressor
things,Air Conditioner
things,Air filter
things,Air vent
things,Alarm system
things,Analogy
things,Anemone
things,Anesthesia
things,Apple pie
things,Aprons
things,Aquarium
things,Atmosphere
things,Auditorium
things,Backrest
things,Bacteria
things,Baguette
things,Balcony
things,Bank
things,Barber Chair
things,Barcode
things,Bat
things,Bath Mat
things,Battery Bank
things,Beanbag
things,Bed frame
things,Bike
things,Bike path
things,Binoculars
things,Bird cage
things,Bird seed
things,Bleachers
things,Blinds
things,Board Games
things,Bobby Pins
things,Bollards
things,Bonding Agent
things,Bookcase
things,Bookends
things,Bottled Water
things,Bread knife
things,Bread pudding
things,Break room
things,Brewery merchandise
things,Briefcase
things,Brochure
things,Broken glass
things,Brownies
things,Bug spray
things,Bulb
things,Bumper sticker
things,Bunsen burner
things,Butterfly
things,Cabinet
things,Calculator
things,Cantaloupe
things,Car Seat
things,Card
things,Cardboard box
things,Cash Register
things,Cat bed
things,Cat carrier
things,Cauliflower
things,Ceiling fan
things,Cereal
things,Latte
things,Champagne flute
things,Chandelier
things,Cheesecake
things,Chessboard
things,Chew toy
things,Chocolate cake
things,Cinnamon roll
things,Rags
things,Coat Rack
things,Coffee beans
things,Coffee Grinder
things,Coffee grounds
things,Coffee Makers
things,Comic Book
things,Contact lenses
things,Conveyor belt
things,Cooling Tower
things,Coral reefs
things,Cream cheese
things,Crochet Hook
things,Croissant
things,Cup holder
things,Cupcake
things,Curling Iron
things,Curtains
things,Cutlery
things,Cutting Board
things,Dandelion
things,Deciduous tree
things,Dental Chair
things,Desk Chairs
things,Desk lamp
things,Desktop computer
things,Diaper
things,Dijon mustard
things,Dining table
things,Dish Rack
things,Dish soap
things,Disinfectant
things,Diving board
things,Dog bed
things,Dog crate
things,Dog shampoo
things,Donuts
things,Drain Hose
things,Drapes
things,Duct tape
things,Duffle Bags
things,Dumbbells
things,Dump truck
things,Duvet
things,DVD
things,DVD Player
things,Dynamite
things,Ear protection
things,Earl Grey tea
things,Earplug
things,Earth
things,Edamame
things,Edible flowers
things,Electric scooter
things,Electric toothbrush
things,Electrical outlet
things,Electrical panel
things,Electrical tape
things,Elevator
things,Elliptical Trainers
things,Emergency Exit Sign
things,Emergency lights
things,Energy drink
things,Engravings
things,Escalators
things,Eucalyptus
things,Excavator
things,Exercise Mat
things,Exhaust Fan
things,Exit sign
things,Extension Cord
things,Eye mask
things,Face mask
things,Facial Toner
things,Fanny pack
things,Fertilizer
things,Filing cabinet
things,Finger food
things,Fire alarm
things,Fire Escape Ladder
things,Fire Extinguisher
things,Fireplace
things,First Aid Kit
things,Fish tank
things,Fishing pier
things,Fitness tracker
things,Flashlight
things,Floor jacks
things,Floor Mats
things,Foam roller
things,Fog machine
things,Food bowl
things,Food warmers
things,Fortune cookie
things,Frappuccino
things,Free Weights
things,French toast
things,Fridge magnet
things,Fried rice
things,Fungi
things,Furniture
things,Furniture polish
things,Fuse
things,Gadget
things,Garage Door
things,Garbage bag
things,Garbage Can
things,Garbage Disposal
things,Garbage Truck
things,Gas Mask
things,Generator
things,Glass Table
things,Glove Box
things,Glove
things,Golf Cart
things,GPS
things,Grain bin
things,Granola
things,Grape Vine
things,Grapefruit
things,Graphic Novel
things,Graphing Calculator
things,Gravity
things,Green beans
things,Greeting Card
things,Guard tower
things,Guitar String
things,Gym Mats
things,Habanero pepper
things,Hair clip
things,Hair Dryer
things,Hair Gel
things,Hairbrush
things,Hairspray
things,Hamster wheel
things,Hamstring Curl Machine
things,Hand dryer
things,Hand Sanitizer
things,Handbag
things,Handrail
things,Hard hat
things,Hash browns
things,Hay bale
things,Hazelnut
things,HDMI cable
things,Headlamp
things,Headphones
things,Hearing aid
things,Heart Rate Monitors
things,Heating Element
things,Hibiscus
things,High Chair
things,Highlighter
things,Hiking boots
things,Holly
things,Honeybee
things,Hot dog
things,Hot water bottle
things,Ice cream maker
things,Ice cube tray
things,Ice Water
things,Iced coffee
things,Icicle
things,Incense
things,Incubator
things,Index Card
things,Inhaler
things,Ink Cartridge
things,Insulation
things,Router
things,Interstate
things,Iris
things,Iron
things,Ironing Board
things,Iron bar
things,Irrigation system
things,IV
things,Jewelry Box
things,Journal
things,Joystick
things,Jumper Cables
things,Kale smoothie
things,Karaoke machine
things,Key chain
things,Khaki pants
things,Kiosk
things,Kitchen cabinet
things,Garbage disposal
things,Kitchen table
things,Komodo dragon
things,Lab coat
things,Lanyard
things,Laptop
things,Laser beam
things,Lathe
things,Laundry Basket
things,Lawnmower
things,Lego
things,Library Card
things,Light Switch
things,Lightbulb
things,Lint Roller
things,Lint Trap
things,Litter scooper
things,Lottery Ticket
things,Luggage
things,Magazine Rack
things,Mailbox
things,Marshmallow
things,Masks
things,Matches
things,Measuring cup
things,Measuring Tape
things,Medical Records
things,Medication Dispenser
things,Medication
things,Medicine Cabinet
things,Menorah
things,Metal detector
things,Mouse
things,Microphone stand
things,Microscope
things,Microwave
things,Milling machine
things,Mini fridge
things,Mixing Bowl
things,Mobile phone
things,Modem
things,Motorcycle Helmet
things,Movie poster
things,Muffin Tin
things,Muffin
things,Muffler
things,Mural
things,Mushroom
things,Nachos
things,Nail clipper
things,Nail polish
things,Nail Polish Remover
things,Name tag
things,Nap mat
things,Necklace
things,Nightstand
things,Notebook
things,Nozzle
things,Oak table
things,Ocarina
things,Oil filter
things,Ointment
things,Olive Oil
things,Onyx
things,Orange peel
things,Orange tree
things,Orange zest
things,Outdoor Furniture
things,Oven door
things,Oven rack
things,Owl
things,Oxygen tank
things,Pacifier
things,Packing peanuts
things,Pad
things,Pajamas
things,Pallet Jack
things,Pamphlet
things,Pants
things,Paper towels
things,Paperweights
things,Paperwork
things,Parachute
things,Parallel bars
things,Pea soup
things,Pencil Sharpener
things,Perfume
things,Personal protective equipment
things,Pesticide
things,Phone charger
things,Photo album
things,Piano
things,Pickaxe
things,Piping tips
things,Placemat
things,Planter Box
things,Plaque
things,Plastic Gloves
things,Plastic wrap
things,Plate
things,Play mat
things,Playing cards
things,Pliers
things,Polyester
things,Pool cleaner
things,Popcorn
things,Popcorn machine
things,Portable speaker
things,Pot holder
things,Potato
things,Power Drill
things,Power lines
things,Power strip
things,Press Box
things,Pressure gauge
things,Projector
things,Protein bar
things,Protein Shakes
things,Pry Bar
things,Public Address System
things,Pumpkin pie
things,Punching Bag
things,Push pin
things,Puzzle
things,Pyramid
things,Quesadilla
things,Rabbit
things,Raccoon
things,Radio scanner
things,Radish
things,Railroad tracks
things,Raindrops
things,Rat
things,Red velvet cake
things,Red wine
things,Refrigerator
things,Rehearsal room
things,Reindeer
things,Relish
things,Reptile
things,Resin
things,Respirator
things,Restaurants
things,Rice pudding
things,Rivet
things,Robot arm
things,Rolling pin
things,Roots
things,Rowing machines
things,Rug
things,RV
things,Safety harness
things,Salad Dressing
things,Satellite
things,Sauna
things,Scones
things,Scoreboard
things,Scrap metal
things,Scratching posts
things,Screwdriver
things,Security systems
things,Seed packet
things,Server Rack
things,Sewing Kit
things,Shin Guards
things,Shipping label
things,Shoe Rack
things,Shower caddy
things,Shower mat
things,Sieve
things,Silicone
things,Silicone mat
things,Silver ore
things,Sippy cup
things,Sketchbook
things,Sleeping bag
things,Smartphone
things,Smartwatch
things,Smoke Detector
things,Snacks
things,Soap dish
things,Soap Dispenser
things,Soap Suds
things,Soda
things,Sofa
things,Solar panel
things,Soldering iron
things,Sound system
things,Soybeans
things,Space probe
things,Spatula
things,Spice Rack
things,Spider web
things,Sportswear
things,Spotlight
things,Sprinkler
things,Sprinkler System
things,Squirrel
things,Stadium
things,Stage lights
things,Stain Remover
things,Stained glass window
things,Stair Stepper
things,Staircase
things,Stationary Bike
things,Steam room
things,Sticker
things,Sticky notes
things,Storage bin
things,Stove
things,Street sign
things,Sugar packet
things,Suitcase
things,Sunglasses
things,Sunscreen
things,Swimsuit
things,Swing set
things,Tablet
things,Tank
things,Tape dispenser
things,Taser
things,Tea leaf
things,Telescope
things,Television
things,Tennis ball
things,Tennis court
things,Throw blanket
things,Ticket Machine
things,Ticket stub
things,Tire iron
things,Tissue box
things,Toaster Oven
things,Tofu
things,Toilet
things,Toiletries bag
things,Tomato
things,Tongue Depressor
things,Tool Belt
things,Tool Box
things,Toothbrush
things,Toothbrush Holder
things,Toothpaste
things,Touchscreen
things,Tow truck
things,Towel
things,Tracksuit
things,Tractor shed
things,Tractor
things,Train brake
things,Train door
things,Trash bag
things,Trash Can
things,Tricycle
things,Truck
things,Tulip
things,Turkey
things,Turn signal
things,Turnstiles
things,Tweezers
things,Udon Noodles
things,Ultraviolet Lamp
things,Umbrella stand
things,Underground River
things,Unleavened Bread
things,Urinal
things,USB drives
things,Utility Box
things,Utility Cart
things,Vacuum Cleaner
things,Vanilla Extract
things,Vanity mirror
things,Vans
things,Vase
things,Vegetable
things,Vegetation
things,Veggie Burger
things,Velvet rope
things,Vending Machine
things,Ventilation System
things,Video Camera
things,Violin Bow
things,Violin Strings
things,Virus
things,Volcano
things,Voucher
things,VR Headset
things,Walking Stick
things,Wall Art
things,Wall Decorations
things,Wall Street
things,Wardrobe
things,Washing machine
things,Water
things,Water Bottle
things,Water Buffalo
things,Water Fountain
things,Water Heater
things,Water Tank
things,Watering Can
things,Webcam
things,Wheelchair ramp
things,Whistle
things,Willow Tree
things,Windbreak
things,Wine Aerator
things,Wine Decanter
things,Wine Opener
things,Wine rack
things,Wine Tasting Kit
things,Wire rack
things,Wireless Speaker
things,Wrench
things,Wrist Weights
things,Wristband
things,Yoga Block
things,Yoga mat
things,Yogurt
things,Zinc
place,afghanistan
place,albania
place,algeria
place,andorra
place,angola
place,antigua and barbuda
place,argentina
place,armenia
place,australia
place,austria
place,azerbaijan
place,bahrain
place,bangladesh
place,barbados
place,belarus
place,belgium
place,belize
place,benin
place,bhutan
place,bolivia
place,bosnia and herzegovina
place,botswana
place,brazil
place,brunei
place,bulgaria
place,burkina faso
place,burundi
place,cambodia
place,cameroon
place,canada
place,cape verde
place,central african republic
place,chad
place,chile
place,china
place,colombia
place,comoros
place,congo
place,costa rica
place,croatia
place,cuba
place,cyprus
place,czech republic
place,democratic republic of the congo
place,denmark
place,djibouti
place,dominica
place,dominican republic
place,ecuador
place,egypt
place,el salvador
place,england
place,equatorial guinea
place,eritrea
place,estonia
place,ethiopia
place,federated states of micronesia
place,finland
place,france
place,gabon
place,gambia
place,georgia
place,germany
place,ghana
place,greece
place,grenada
place,guatemala
place,guinea
place,guinea bissau
place,guyana
place,haiti
place,honduras
place,hungary
place,iceland
place,india
place,indonesia
place,iran
place,iraq
place,ireland
place,israel
place,italy
place,jamaica
place,japan
place,jordan
place,kazakhstan
place,kenya
place,kiribati
place,kosovo
place,kuwait
place,kyrgyzstan
place,laos
place,latvia
place,lebanon
place,lesotho
place,liberia
place,libya
place,liechtenstein
place,lithuania
place,luxembourg
place,madagascar
place,malawi
place,malaysia
place,maldives
place,mali
place,malta
place,marshall islands
place,mauritania
place,mauritius
place,mexico
place,moldova
place,monaco
place,mongolia
place,montenegro
place,morocco
place,mozambique
place,myanmar
place,namibia
place,nauru
place,nepal
place,netherlands
place,new zealand
place,nicaragua
place,niger
place,nigeria
place,north korea
place,norway
place,oman
place,pakistan
place,palau
place,palestine
place,panama
place,papua new guinea
place,paraguay
place,peru
place,philippines
place,poland
place,portugal
place,qatar
place,romania
place,russia
place,rwanda
place,saint kitts and nevis
place,saint lucia
place,saint vincent and the grenadines
place,samoa
place,san marino
place,sao tome and principe
place,saudi arabia
place,senegal
place,serbia
place,seychelles
place,sierra leone
place,singapore
place,slovakia
place,slovenia
place,solomon islands
place,somalia
place,south africa
place,south korea
place,spain
place,sudan
place,suriname
place,swaziland
place,sweden
place,switzerland
place,syria
place,taiwan
place,tajikistan
place,tanzania
place,thailand
place,togo
place,tonga
place,trinidad and tobago
place,tunisia
place,turkey
place,turkmenistan
place,tuvalu
place,uganda
place,ukraine
place,united arab emirates
place,united kingdom
place,united states of america
place,uruguay
place,uzbekistan
place,vanuatu
place,venezuela
place,vietnam
place,yemen
place,zambia
place,zimbabwe
place,amsterdam netherlands
place,anaheim california
place,austin texas
place,auckland new zealand
place,asheville north carolina
place,ashgabat turkmenistan
place,athens greece
place,athens georgia
place,atlanta georgia
place,antwerp belgium
place,adelaide australia
place,astana kazakhstan
place,asuncion paraguay
place,algiers algeria
place,acapulco mexico
place,ankara turkey
place,baghdad iraq
place,bangkok thailand
place,beijing china
place,berlin germany
place,boston massachusetts
place,buenos aires argentina
place,bursa turkey
place,bucharest romania
place,baltimore maryland
place,beirut lebanon
place,belfast northern ireland
place,bratislava slovakia
place,belgrade serbia
place,budapest hungary
place,baku azerbaijan
place,bordeaux france
place,busan south korea
place,brussels belgium
place,bangalore india
place,calgary canada
place,chicago illinois
place,copenhagen denmark
place,columbus ohio
place,cologne germany
place,cairo egypt
place,cape town south africa
place,caracas venezuela
place,cleveland ohio
place,cork ireland
place,christchurch new zealand
place,casablanca morocco
place,chengdu china
place,cannes france
place,canberra australia
place,dallas texas
place,dubai united arab emirates
place,dhaka bangladesh
place,dakar senegal
place,delhi india
place,durban south africa
place,dublin ireland
place,dalian china
place,doha qatar
place,denver colorado
place,dusseldorf germany
place,davao city philippines
place,darwin australia
place,dunfermline scotland
place,daegu south korea
place,damascus syria
place,dar es salaam tanzania
place,edinburgh scotland
place,edmonton canada
place,essen germany
place,evora portugal
place,ensenada mexico
place,el paso texas
place,enugu nigeria
place,enschede netherlands
place,eureka california
place,erie pennsylvania
place,eilat israel
place,essentuki russia
place,esbjerg denmark
place,fez morocco
place,florence italy
place,frankfurt germany
place,fort worth texas
place,fukuoka japan
place,faisalabad pakistan
place,fujairah united arab emirates
place,funafuti tuvalu
place,florianopolis brazil
place,flinders australia
place,faro portugal
place,fujairah united arab emirates
place,fort mcmurray canada
place,fortaleza brazil
place,friesland netherlands
place,funchal portugal
place,fuzhou china
place,fresno california
place,fermoy ireland
place,fukushima japan
place,glasgow scotland
place,guangzhou china
place,gdansk poland
place,guatemala city guatemala
place,guwahati india
place,gyeongju south korea
place,genoa italy
place,grahamstown south africa
place,guadalajara mexico
place,geneva switzerland
place,graz austria
place,gwangju south korea
place,houston texas
place,hamburg germany
place,hanoi vietnam
place,helsinki finland
place,ho chi minh city vietnam
place,haifa israel
place,havana cuba
place,hong kong china
place,hobart australia
place,hangzhou china
place,hilo hawaii
place,hermosillo mexico
place,honolulu hawaii
place,helsingborg sweden
place,hiroshima japan
place,harare zimbabwe
place,istanbul turkey
place,indianapolis indiana
place,ibadan nigeria
place,istanbul turkey
place,indore india
place,izmir turkey
place,isafahan iran
place,incheon south korea
place,innsbruck austria
place,islamabad pakistan
place,ingolstadt germany
place,irvine california
place,irkutsk russia
place,jakarta indonesia
place,jerusalem israel
place,jacksonville florida
place,johannesburg south africa
place,jabalpur india
place,jinan china
place,jeddah saudi arabia
place,jalapa guatemala
place,jackson mississippi
place,juarez mexico
place,jabalpur india
place,jining china
place,kampala uganda
place,kathmandu nepal
place,kaunas lithuania
place,kuala lumpur malaysia
place,kyoto japan
place,kagoshima japan
place,karachi pakistan
place,kiev ukraine
place,kingston jamaica
place,kolkata india
place,kunming china
place,kabul afghanistan
place,kyiv ukraine
place,kawasaki japan
place,london england
place,la paz bolivia
place,los angeles california
place,lima peru
place,lyon france
place,lisbon portugal
place,luanda angola
place,liverpool england
place,lagos nigeria
place,leeds england
place,ljubljana slovenia
place,lyon france
place,lima peru
place,lviv ukraine
place,leipzig germany
place,lusaka zambia
place,lausanne switzerland
place,madrid spain
place,manchester england
place,mexico city mexico
place,manila philippines
place,montreal canada
place,milan italy
place,moscow russia
place,madrid spain
place,mumbai india
place,managua nicaragua
place,melbourne australia
place,marrakech morocco
place,miami florida
place,minneapolis minnesota
place,mecca saudi arabia
place,melbourne australia
place,makati philippines
place,monterrey mexico
place,nagoya japan
place,new york city
place,nanjing china
place,new delhi india
place,nantes france
place,noida india
place,newcastle upon tyne england
place,nice france
place,nurumberg germany
place,new orleans louisiana
place,nairobi kenya
place,naples italy
place,noosa australia
place,osaka japan
place,oklahoma city oklahoma
place,oslo norway
place,oxford england
place,ottawa canada
place,orsay france
place,odessa ukraine
place,oranjestad aruba
place,orlando florida
place,ostrava czech republic
place,oaxaca mexico
place,otago new zealand
place,ouagadougou burkina faso
place,odense denmark
place,oulu finland
place,paris france
place,prague czech republic
place,porto portugal
place,philadelphia pennsylvania
place,pyeongyang north korea
place,perth australia
place,plovdiv bulgaria
place,pattaya thailand
place,portland oregon
place,phoenix arizona
place,porto alegre brazil
place,peshawar pakistan
place,panama city panama
place,rome italy
place,rio de janeiro brazil
place,riyadh saudi arabia
place,reykjavik iceland
place,rotterdam netherlands
place,ras al khaimah united arab emirates
place,raleigh north carolina
place,riga latvia
place,rochester new york
place,recife brazil
place,san francisco california
place,sydney australia
place,singapore
place,seoul south korea
place,stockholm sweden
place,santiago chile
place,san diego california
place,shanghai china
place,sao paulo brazil
place,stuttgart germany
place,sevilla spain
place,saskatoon canada
place,san salvador el salvador
place,sofia bulgaria
place,seattle washington
place,tokyo japan
place,torino italy
place,tunis tunisia
place,tashkent uzbekistan
place,toronto canada
place,tirana albania
place,tijuana mexico
place,turin italy
place,tokyo japan
place,thessaloniki greece
place,taegu south korea
place,taksim turkey
place,taipei taiwan
place,tripoli libya
place,tokyo japan
place,ulaanbaatar mongolia
place,ubud indonesia
place,uppsala sweden
place,urumqi china
place,vaduz liechtenstein
place,vancouver canada
place,valencia spain
place,vigo spain
place,valparaiso chile
place,vladivostok russia
place,vienna austria
place,vilnius lithuania
place,villarreal spain
place,washington dc
place,westminster england
place,wilmington delaware
place,wroclaw poland
place,warsaw poland
place,wellington new zealand
place,winnipeg manitoba
place,warsaw poland
place,wuhan china
place,yokohama japan
place,york england
place,yaounde cameroon
place,yuma arizona
place,ypres belgium
place,yakutsk russia
place,yerevan armenia
place,yanbu saudi arabia
place,yogyakarta indonesia
place,yekaterinburg russia
place,zacatecas mexico
place,zunyi china
place,zincantan mexico
place,zagreb croatia
place,zeeland netherlands
place,zhongshan china
place,zanzibar tanzania
place,zurich switzerland
place,zaragoza spain
place,denali
place,mount saint lias
place,mount whitney
place,mount rainier
place,iztaccihuatl
place,grand teton
place,gannett peak
place,mount adams
place,mount saint helens
place,mount shasta
place,mount saint helens
place,pikes peak
place,aconcagua
place,fitz roy
place,cotopaxi
place,chimborazo
place,mont blanc
place,zugspitze
place,mount elbrus
place,mount etna
place,everest
place,k2
place,lhotse
place,makalu
place,cho oyu
place,manaslu
place,annapurna
place,dhaulagiri
place,nanga parbat
place,kangchenjunga
place,mount fuji
place,kilimanjaro
place,meru
place,aoraki
place,haleakala
place,puncak jaya
place,sumantri
place,amazon
place,colorado river
place,dnieper
place,ganges
place,illinois river
place,mississippi river
place,nile
place,rhine
place,yangtze river
place,yellow river
place,zambezi river
place,yenisei river
